{
    "best_mates": {
        "sounds": [ "emoticons:best_mates" ]
    },
    "boneless": {
        "sounds": [ "emoticons:boneless" ]
    },
    "default": {
        "sounds": [ "emoticons:default" ]
    },
    "disco_fever": {
        "sounds": [ "emoticons:disco_fever" ]
    },
    "electro_shuffle": {
        "sounds": [ "emoticons:electro_shuffle" ]
    },
    "floss": {
        "sounds": [ "emoticons:floss" ]
    },
    "fresh": {
        "sounds": [ "emoticons:fresh" ]
    },
    "gangnam_style": {
        "sounds": [ "emoticons:gangnam_style" ]
    },
    "hype": {
        "sounds": [ "emoticons:hype" ]
    },
    "infinite_dab": {
        "sounds": [ "emoticons:infinite_dab" ]
    },
    "orange_justice": {
        "sounds": [ "emoticons:orange_justice" ]
    },
    "skibidi": {
        "sounds": [ "emoticons:skibidi" ]
    },
    "squat_kick": {
        "sounds": [ "emoticons:squat_kick" ]
    },
    "star_power": {
        "sounds": [ "emoticons:star_power" ]
    },
    "take_the_l": {
        "sounds": [ "emoticons:take_the_l" ]
    },
    "tidy": {
        "sounds": [ "emoticons:tidy" ]
    },
    "woo_dance": {
        "sounds": [ "emoticons:woo_dance" ]
    },
    "toosie_slide": {
        "sounds": [ "emoticons:toosie_slide" ]
    },
    "wap": {
        "sounds": [ "emoticons:wap" ]
    },
    "woo_walk": {
        "sounds": [ "emoticons:woo_walk" ]
    },
    "oh_na_na_na": {
        "sounds": [ "emoticons:oh_na_na_na" ]
    },
    "shuffle": {
        "sounds": [ "emoticons:shuffle" ]
    },
    "renegade": {
        "sounds": [ "emoticons:renegade" ]
    },
    "say_so": {
        "sounds": [ "emoticons:say_so" ]
    },
    "savage": {
        "sounds": [ "emoticons:savage" ]
    },
    "hit_it_fergie": {
        "sounds": [ "emoticons:hit_it_fergie" ]
    },
    "ronaldo": {
        "sounds": [ "emoticons:ronaldo" ]
    },
    "rockstar": {
        "sounds": [ "emoticons:rockstar" ]
    },
    "smoke": {
        "sounds": [ "emoticons:smoke" ]
    },
    "ball": {
        "sounds": [ "emoticons:ball" ]
    },
    "party_girl": {
        "sounds": [ "emoticons:party_girl" ]
    },
    "rko": {
        "sounds": [ "emoticons:rko" ]
    },
    "big_bank": {
        "sounds": [ "emoticons:big_bank" ]
    },
    "sound1": {
        "sounds": [ "emoticons:sound1" ]
    },
    "sound2": {
        "sounds": [ "emoticons:sound2" ]
    },
    "sound3": {
        "sounds": [ "emoticons:sound3" ]
    },
    "sound4": {
        "sounds": [ "emoticons:sound4" ]
    }
}